<annotation>
  <folder>pa</folder>
  <filename>patches_19</filename>
  <source>
    <database>NEU-DET</database>
  </source>
  <size>
    <width>200</width>
    <height>200</height>
    <depth>1</depth>
  </size>
  <segmented>0</segmented>
  <object>
    <name>patches</name>
    <pose>Unspecified</pose>
    <truncated>0</truncated>
    <difficult>0</difficult>
    <bndbox>
      <xmin>20</xmin>
      <ymin>1</ymin>
      <xmax>72</xmax>
      <ymax>140</ymax>
    </bndbox>
  </object>
  <object>
    <name>patches</name>
    <pose>Unspecified</pose>
    <truncated>0</truncated>
    <difficult>0</difficult>
    <bndbox>
      <xmin>94</xmin>
      <ymin>38</ymin>
      <xmax>180</xmax>
      <ymax>200</ymax>
    </bndbox>
  </object>
  <object>
    <name>patches</name>
    <pose>Unspecified</pose>
    <truncated>0</truncated>
    <difficult>0</difficult>
    <bndbox>
      <xmin>24</xmin>
      <ymin>142</ymin>
      <xmax>105</xmax>
      <ymax>199</ymax>
    </bndbox>
  </object>
  <object>
    <name>patches</name>
    <pose>Unspecified</pose>
    <truncated>0</truncated>
    <difficult>0</difficult>
    <bndbox>
      <xmin>115</xmin>
      <ymin>1</ymin>
      <xmax>186</xmax>
      <ymax>37</ymax>
    </bndbox>
  </object>
</annotation>
