<annotation>
	<folder>pa</folder>
	<filename>patches_221.jpg</filename>
	<source>
		<database>NEU-DET</database>
	</source>
	<size>
		<width>200</width>
		<height>200</height>
		<depth>1</depth>
	</size>
	<segmented>0</segmented>
	<object>
		<name>patches</name>
		<pose>Unspecified</pose>
		<truncated>1</truncated>
		<difficult>0</difficult>
		<bndbox>
			<xmin>1</xmin>
			<ymin>18</ymin>
			<xmax>49</xmax>
			<ymax>71</ymax>
		</bndbox>
	</object>
	<object>
		<name>patches</name>
		<pose>Unspecified</pose>
		<truncated>0</truncated>
		<difficult>0</difficult>
		<bndbox>
			<xmin>85</xmin>
			<ymin>33</ymin>
			<xmax>176</xmax>
			<ymax>199</ymax>
		</bndbox>
	</object>
	<object>
		<name>patches</name>
		<pose>Unspecified</pose>
		<truncated>1</truncated>
		<difficult>1</difficult>
		<bndbox>
			<xmin>47</xmin>
			<ymin>1</ymin>
			<xmax>166</xmax>
			<ymax>53</ymax>
		</bndbox>
	</object>
</annotation>
