<annotation>
	<folder>pa</folder>
	<filename>patches_79.jpg</filename>
	<source>
		<database>NEU-DET</database>
	</source>
	<size>
		<width>200</width>
		<height>200</height>
		<depth>1</depth>
	</size>
	<segmented>0</segmented>
	<object>
		<name>patches</name>
		<pose>Unspecified</pose>
		<truncated>0</truncated>
		<difficult>0</difficult>
		<bndbox>
			<xmin>47</xmin>
			<ymin>47</ymin>
			<xmax>128</xmax>
			<ymax>149</ymax>
		</bndbox>
	</object>
	<object>
		<name>patches</name>
		<pose>Unspecified</pose>
		<truncated>0</truncated>
		<difficult>0</difficult>
		<bndbox>
			<xmin>102</xmin>
			<ymin>157</ymin>
			<xmax>133</xmax>
			<ymax>196</ymax>
		</bndbox>
	</object>
	<object>
		<name>patches</name>
		<pose>Unspecified</pose>
		<truncated>1</truncated>
		<difficult>0</difficult>
		<bndbox>
			<xmin>83</xmin>
			<ymin>1</ymin>
			<xmax>121</xmax>
			<ymax>45</ymax>
		</bndbox>
	</object>
</annotation>
