<annotation>
	<folder>rs</folder>
	<filename>rolled-in_scale_149.jpg</filename>
	<source>
  		 <database>NEU-DET</database>
	</source>
	<size>
		<width>200</width>
		<height>200</height>
		<depth>1</depth>
	</size>
	<segmented>0</segmented>
	<object>
		<name>rolled-in_scale</name>
		<pose>Unspecified</pose>
		<truncated>0</truncated>
		<difficult>0</difficult>
		<bndbox>
			<xmin>49</xmin>
			<ymin>89</ymin>
			<xmax>136</xmax>
			<ymax>193</ymax>
		</bndbox>
	</object>
	<object>
		<name>rolled-in_scale</name>
		<pose>Unspecified</pose>
		<truncated>0</truncated>
		<difficult>0</difficult>
		<bndbox>
			<xmin>160</xmin>
			<ymin>66</ymin>
			<xmax>192</xmax>
			<ymax>175</ymax>
		</bndbox>
	</object>
	<object>
		<name>rolled-in_scale</name>
		<pose>Unspecified</pose>
		<truncated>1</truncated>
		<difficult>0</difficult>
		<bndbox>
			<xmin>97</xmin>
			<ymin>1</ymin>
			<xmax>137</xmax>
			<ymax>44</ymax>
		</bndbox>
	</object>
</annotation>
