<annotation>
	<folder>rs</folder>
	<filename>rolled-in_scale_86.jpg</filename>
	<source>
  		 <database>NEU-DET</database>
	</source>
	<size>
		<width>200</width>
		<height>200</height>
		<depth>1</depth>
	</size>
	<segmented>0</segmented>
	<object>
		<name>rolled-in_scale</name>
		<pose>Unspecified</pose>
		<truncated>0</truncated>
		<difficult>0</difficult>
		<bndbox>
			<xmin>72</xmin>
			<ymin>14</ymin>
			<xmax>177</xmax>
			<ymax>65</ymax>
		</bndbox>
	</object>
	<object>
		<name>rolled-in_scale</name>
		<pose>Unspecified</pose>
		<truncated>0</truncated>
		<difficult>0</difficult>
		<bndbox>
			<xmin>61</xmin>
			<ymin>100</ymin>
			<xmax>180</xmax>
			<ymax>199</ymax>
		</bndbox>
	</object>
</annotation>
