<annotation>
	<folder>rs</folder>
	<filename>rolled-in_scale_125.jpg</filename>
	<source>
  		 <database>NEU-DET</database>
	</source>
	<size>
		<width>200</width>
		<height>200</height>
		<depth>1</depth>
	</size>
	<segmented>0</segmented>
	<object>
		<name>rolled-in_scale</name>
		<pose>Unspecified</pose>
		<truncated>0</truncated>
		<difficult>0</difficult>
		<bndbox>
			<xmin>88</xmin>
			<ymin>55</ymin>
			<xmax>128</xmax>
			<ymax>135</ymax>
		</bndbox>
	</object>
	<object>
		<name>rolled-in_scale</name>
		<pose>Unspecified</pose>
		<truncated>0</truncated>
		<difficult>0</difficult>
		<bndbox>
			<xmin>113</xmin>
			<ymin>15</ymin>
			<xmax>157</xmax>
			<ymax>40</ymax>
		</bndbox>
	</object>
	<object>
		<name>rolled-in_scale</name>
		<pose>Unspecified</pose>
		<truncated>0</truncated>
		<difficult>0</difficult>
		<bndbox>
			<xmin>17</xmin>
			<ymin>140</ymin>
			<xmax>66</xmax>
			<ymax>189</ymax>
		</bndbox>
	</object>
</annotation>
