<annotation>
	<folder>rs</folder>
	<filename>rolled-in_scale_140.jpg</filename>
	<source>
  		 <database>NEU-DET</database>
	</source>
	<size>
		<width>200</width>
		<height>200</height>
		<depth>1</depth>
	</size>
	<segmented>0</segmented>
	<object>
		<name>rolled-in_scale</name>
		<pose>Unspecified</pose>
		<truncated>1</truncated>
		<difficult>0</difficult>
		<bndbox>
			<xmin>57</xmin>
			<ymin>88</ymin>
			<xmax>143</xmax>
			<ymax>200</ymax>
		</bndbox>
	</object>
	<object>
		<name>rolled-in_scale</name>
		<pose>Unspecified</pose>
		<truncated>0</truncated>
		<difficult>1</difficult>
		<bndbox>
			<xmin>164</xmin>
			<ymin>19</ymin>
			<xmax>186</xmax>
			<ymax>58</ymax>
		</bndbox>
	</object>
</annotation>
