<annotation>
	<folder>rs</folder>
	<filename>rolled-in_scale_227.jpg</filename>
	<source>
  		 <database>NEU-DET</database>
	</source>
	<size>
		<width>200</width>
		<height>200</height>
		<depth>1</depth>
	</size>
	<segmented>0</segmented>
	<object>
		<name>rolled-in_scale</name>
		<pose>Unspecified</pose>
		<truncated>0</truncated>
		<difficult>1</difficult>
		<bndbox>
			<xmin>57</xmin>
			<ymin>22</ymin>
			<xmax>122</xmax>
			<ymax>134</ymax>
		</bndbox>
	</object>
	<object>
		<name>rolled-in_scale</name>
		<pose>Unspecified</pose>
		<truncated>0</truncated>
		<difficult>0</difficult>
		<bndbox>
			<xmin>44</xmin>
			<ymin>110</ymin>
			<xmax>184</xmax>
			<ymax>198</ymax>
		</bndbox>
	</object>
</annotation>
