<annotation>
	<folder>rs</folder>
	<filename>rolled-in_scale_105.jpg</filename>
	<source>
  		 <database>NEU-DET</database>
	</source>
	<size>
		<width>200</width>
		<height>200</height>
		<depth>1</depth>
	</size>
	<segmented>0</segmented>
	<object>
		<name>rolled-in_scale</name>
		<pose>Unspecified</pose>
		<truncated>1</truncated>
		<difficult>0</difficult>
		<bndbox>
			<xmin>1</xmin>
			<ymin>62</ymin>
			<xmax>103</xmax>
			<ymax>162</ymax>
		</bndbox>
	</object>
	<object>
		<name>rolled-in_scale</name>
		<pose>Unspecified</pose>
		<truncated>0</truncated>
		<difficult>0</difficult>
		<bndbox>
			<xmin>27</xmin>
			<ymin>21</ymin>
			<xmax>102</xmax>
			<ymax>56</ymax>
		</bndbox>
	</object>
</annotation>
