<annotation>
	<folder>sc</folder>
	<filename>scratches_171.jpg</filename>
	<source>
  		 <database>NEU-DET</database>
	</source>
	<size>
		<width>200</width>
		<height>200</height>
		<depth>1</depth>
	</size>
	<segmented>0</segmented>
	<object>
		<name>scratches</name>
		<pose>Unspecified</pose>
		<truncated>1</truncated>
		<difficult>0</difficult>
		<bndbox>
			<xmin>85</xmin>
			<ymin>1</ymin>
			<xmax>100</xmax>
			<ymax>97</ymax>
		</bndbox>
	</object>
	<object>
		<name>scratches</name>
		<pose>Unspecified</pose>
		<truncated>1</truncated>
		<difficult>0</difficult>
		<bndbox>
			<xmin>84</xmin>
			<ymin>126</ymin>
			<xmax>103</xmax>
			<ymax>200</ymax>
		</bndbox>
	</object>
</annotation>
