<annotation>
	<folder>sc</folder>
	<filename>scratches_236.jpg</filename>
	<source>
  		 <database>NEU-DET</database>
	</source>
	<size>
		<width>200</width>
		<height>200</height>
		<depth>1</depth>
	</size>
	<segmented>0</segmented>
	<object>
		<name>scratches</name>
		<pose>Unspecified</pose>
		<truncated>0</truncated>
		<difficult>0</difficult>
		<bndbox>
			<xmin>44</xmin>
			<ymin>90</ymin>
			<xmax>189</xmax>
			<ymax>106</ymax>
		</bndbox>
	</object>
	<object>
		<name>scratches</name>
		<pose>Unspecified</pose>
		<truncated>0</truncated>
		<difficult>1</difficult>
		<bndbox>
			<xmin>150</xmin>
			<ymin>48</ymin>
			<xmax>190</xmax>
			<ymax>71</ymax>
		</bndbox>
	</object>
	<object>
		<name>scratches</name>
		<pose>Unspecified</pose>
		<truncated>1</truncated>
		<difficult>0</difficult>
		<bndbox>
			<xmin>1</xmin>
			<ymin>117</ymin>
			<xmax>124</xmax>
			<ymax>135</ymax>
		</bndbox>
	</object>
	<object>
		<name>inclusion</name>
		<pose>Unspecified</pose>
		<truncated>0</truncated>
		<difficult>0</difficult>
		<bndbox>
			<xmin>155</xmin>
			<ymin>25</ymin>
			<xmax>165</xmax>
			<ymax>110</ymax>
		</bndbox>
	</object>
</annotation>
