<annotation>
	<folder>sc</folder>
	<filename>scratches_239.jpg</filename>
	<source>
  		 <database>NEU-DET</database>
	</source>
	<size>
		<width>200</width>
		<height>200</height>
		<depth>1</depth>
	</size>
	<segmented>0</segmented>
	<object>
		<name>scratches</name>
		<pose>Unspecified</pose>
		<truncated>0</truncated>
		<difficult>0</difficult>
		<bndbox>
			<xmin>55</xmin>
			<ymin>152</ymin>
			<xmax>157</xmax>
			<ymax>169</ymax>
		</bndbox>
	</object>
	<object>
		<name>scratches</name>
		<pose>Unspecified</pose>
		<truncated>0</truncated>
		<difficult>0</difficult>
		<bndbox>
			<xmin>4</xmin>
			<ymin>87</ymin>
			<xmax>197</xmax>
			<ymax>116</ymax>
		</bndbox>
	</object>
	<object>
		<name>scratches</name>
		<pose>Unspecified</pose>
		<truncated>1</truncated>
		<difficult>0</difficult>
		<bndbox>
			<xmin>152</xmin>
			<ymin>76</ymin>
			<xmax>200</xmax>
			<ymax>89</ymax>
		</bndbox>
	</object>
</annotation>
