<annotation>
	<folder>sc</folder>
	<filename>scratches_234.jpg</filename>
	<source>
  		 <database>NEU-DET</database>
	</source>
	<size>
		<width>200</width>
		<height>200</height>
		<depth>1</depth>
	</size>
	<segmented>0</segmented>
	<object>
		<name>scratches</name>
		<pose>Unspecified</pose>
		<truncated>1</truncated>
		<difficult>0</difficult>
		<bndbox>
			<xmin>1</xmin>
			<ymin>68</ymin>
			<xmax>179</xmax>
			<ymax>85</ymax>
		</bndbox>
	</object>
	<object>
		<name>scratches</name>
		<pose>Unspecified</pose>
		<truncated>0</truncated>
		<difficult>0</difficult>
		<bndbox>
			<xmin>15</xmin>
			<ymin>137</ymin>
			<xmax>198</xmax>
			<ymax>158</ymax>
		</bndbox>
	</object>
</annotation>
