<annotation>
	<folder>sc</folder>
	<filename>scratches_198.jpg</filename>
	<source>
  		 <database>NEU-DET</database>
	</source>
	<size>
		<width>200</width>
		<height>200</height>
		<depth>1</depth>
	</size>
	<segmented>0</segmented>
	<object>
		<name>scratches</name>
		<pose>Unspecified</pose>
		<truncated>0</truncated>
		<difficult>0</difficult>
		<bndbox>
			<xmin>31</xmin>
			<ymin>48</ymin>
			<xmax>42</xmax>
			<ymax>199</ymax>
		</bndbox>
	</object>
	<object>
		<name>scratches</name>
		<pose>Unspecified</pose>
		<truncated>1</truncated>
		<difficult>0</difficult>
		<bndbox>
			<xmin>108</xmin>
			<ymin>1</ymin>
			<xmax>123</xmax>
			<ymax>200</ymax>
		</bndbox>
	</object>
	<object>
		<name>scratches</name>
		<pose>Unspecified</pose>
		<truncated>1</truncated>
		<difficult>0</difficult>
		<bndbox>
			<xmin>31</xmin>
			<ymin>1</ymin>
			<xmax>44</xmax>
			<ymax>59</ymax>
		</bndbox>
	</object>
</annotation>
