<annotation>
	<folder>sc</folder>
	<filename>scratches_217.jpg</filename>
	<source>
  		 <database>NEU-DET</database>
	</source>
	<size>
		<width>200</width>
		<height>200</height>
		<depth>1</depth>
	</size>
	<segmented>0</segmented>
	<object>
		<name>scratches</name>
		<pose>Unspecified</pose>
		<truncated>1</truncated>
		<difficult>0</difficult>
		<bndbox>
			<xmin>32</xmin>
			<ymin>1</ymin>
			<xmax>64</xmax>
			<ymax>198</ymax>
		</bndbox>
	</object>
	<object>
		<name>scratches</name>
		<pose>Unspecified</pose>
		<truncated>1</truncated>
		<difficult>0</difficult>
		<bndbox>
			<xmin>101</xmin>
			<ymin>1</ymin>
			<xmax>116</xmax>
			<ymax>54</ymax>
		</bndbox>
	</object>
	<object>
		<name>scratches</name>
		<pose>Unspecified</pose>
		<truncated>0</truncated>
		<difficult>0</difficult>
		<bndbox>
			<xmin>128</xmin>
			<ymin>139</ymin>
			<xmax>148</xmax>
			<ymax>199</ymax>
		</bndbox>
	</object>
</annotation>
