<annotation>
	<folder>sc</folder>
	<filename>scratches_128.jpg</filename>
	<source>
  		 <database>NEU-DET</database>
	</source>
	<size>
		<width>200</width>
		<height>200</height>
		<depth>1</depth>
	</size>
	<segmented>0</segmented>
	<object>
		<name>scratches</name>
		<pose>Unspecified</pose>
		<truncated>1</truncated>
		<difficult>0</difficult>
		<bndbox>
			<xmin>45</xmin>
			<ymin>1</ymin>
			<xmax>66</xmax>
			<ymax>194</ymax>
		</bndbox>
	</object>
	<object>
		<name>inclusion</name>
		<pose>Unspecified</pose>
		<truncated>1</truncated>
		<difficult>0</difficult>
		<bndbox>
			<xmin>83</xmin>
			<ymin>1</ymin>
			<xmax>185</xmax>
			<ymax>196</ymax>
		</bndbox>
	</object>
</annotation>
