<annotation>
	<folder>sc</folder>
	<filename>scratches_143.jpg</filename>
	<source>
  		 <database>NEU-DET</database>
	</source>
	<size>
		<width>200</width>
		<height>200</height>
		<depth>1</depth>
	</size>
	<segmented>0</segmented>
	<object>
		<name>scratches</name>
		<pose>Unspecified</pose>
		<truncated>1</truncated>
		<difficult>0</difficult>
		<bndbox>
			<xmin>14</xmin>
			<ymin>1</ymin>
			<xmax>28</xmax>
			<ymax>199</ymax>
		</bndbox>
	</object>
	<object>
		<name>scratches</name>
		<pose>Unspecified</pose>
		<truncated>1</truncated>
		<difficult>0</difficult>
		<bndbox>
			<xmin>33</xmin>
			<ymin>1</ymin>
			<xmax>60</xmax>
			<ymax>199</ymax>
		</bndbox>
	</object>
	<object>
		<name>inclusion</name>
		<pose>Unspecified</pose>
		<truncated>0</truncated>
		<difficult>1</difficult>
		<bndbox>
			<xmin>123</xmin>
			<ymin>152</ymin>
			<xmax>135</xmax>
			<ymax>180</ymax>
		</bndbox>
	</object>
</annotation>
